<?xml version="1.0" encoding="UTF-8"?>
<PeakList>
  <PeakList1D>
    <PeakList1DHeader creator="nmr" date="2021-02-27T07:48:54.568+01:00" expNo="12" name="SVS-969F1" owner="" procNo="1" source="/opt/topspin3.5pl6/data/complat/nmr/data/SVS/nmr">
      <PeakPickDetails>F1=235.493607ppm, F2=-15.493675ppm, MI=0.00cm, MAXI=10000.00cm, PC=1.400
      </PeakPickDetails>
    </PeakList1DHeader>
    <Peak1D F1="120.295876" intensity="1.324011e+01" type="0"/>
    <Peak1D F1="110.969780" intensity="1.500000e+01" type="0"/>
    <Peak1D F1="110.755791" intensity="1.479861e+01" type="0"/>
    <Peak1D F1="77.250687" intensity="3.571361e-01" type="0"/>
    <Peak1D F1="56.564659" intensity="1.239305e+01" type="0"/>
    <Peak1D F1="40.164135" intensity="3.588245e-01" type="0"/>
  </PeakList1D>
</PeakList>
