<?xml version="1.0" encoding="UTF-8"?>
<PeakList>
  <PeakList1D>
    <PeakList1DHeader creator="nmr" date="2021-01-20T16:57:31.927+01:00" expNo="10" name="SVS-957 F1" owner="" procNo="1" source="/opt/topspin3.5pl6/data/complat/nmr/data/SVS/nmr">
      <PeakPickDetails>F1=15.921130ppm, F2=-4.104411ppm, MI=0.00cm, MAXI=10000.00cm, PC=1.000
      </PeakPickDetails>
    </PeakList1DHeader>
    <Peak1D F1="12.770892" intensity="2.243757e-03" type="0"/>
    <Peak1D F1="9.792952" intensity="2.201737e-03" type="0"/>
    <Peak1D F1="7.600225" intensity="5.262732e-03" type="0"/>
    <Peak1D F1="7.596038" intensity="5.349757e-03" type="0"/>
    <Peak1D F1="7.579974" intensity="6.304339e-03" type="0"/>
    <Peak1D F1="7.574960" intensity="6.528337e-03" type="0"/>
    <Peak1D F1="7.451927" intensity="9.563069e-03" type="0"/>
    <Peak1D F1="7.400825" intensity="1.092593e-02" type="0"/>
    <Peak1D F1="7.395437" intensity="9.519607e-03" type="0"/>
    <Peak1D F1="7.282870" intensity="2.545643e-03" type="0"/>
    <Peak1D F1="7.237885" intensity="2.855068e-03" type="0"/>
    <Peak1D F1="7.193005" intensity="1.613907e+00" type="0"/>
    <Peak1D F1="7.162891" intensity="1.424092e-02" type="0"/>
    <Peak1D F1="7.157760" intensity="1.351289e-02" type="0"/>
    <Peak1D F1="7.136644" intensity="2.100570e-02" type="0"/>
    <Peak1D F1="7.130838" intensity="1.603572e-02" type="0"/>
    <Peak1D F1="7.084483" intensity="3.522041e-03" type="0"/>
    <Peak1D F1="7.041672" intensity="3.716700e-03" type="0"/>
    <Peak1D F1="6.964067" intensity="9.681912e-01" type="0"/>
    <Peak1D F1="6.958992" intensity="1.398962e+00" type="0"/>
    <Peak1D F1="6.940004" intensity="5.752567e+00" type="0"/>
    <Peak1D F1="6.867191" intensity="8.654249e-03" type="0"/>
    <Peak1D F1="6.841736" intensity="1.170298e-02" type="0"/>
    <Peak1D F1="6.836867" intensity="1.196318e-02" type="0"/>
    <Peak1D F1="6.830469" intensity="1.400932e-02" type="0"/>
    <Peak1D F1="6.819134" intensity="1.337061e-02" type="0"/>
    <Peak1D F1="6.809610" intensity="1.339010e-02" type="0"/>
    <Peak1D F1="6.798263" intensity="1.284998e-02" type="0"/>
    <Peak1D F1="6.760259" intensity="1.850258e+00" type="0"/>
    <Peak1D F1="6.740223" intensity="1.543093e+00" type="0"/>
    <Peak1D F1="6.682365" intensity="4.023609e-03" type="0"/>
    <Peak1D F1="6.561701" intensity="8.559209e-03" type="0"/>
    <Peak1D F1="6.539608" intensity="7.864754e-03" type="0"/>
    <Peak1D F1="5.553522" intensity="3.046379e-03" type="0"/>
    <Peak1D F1="5.446194" intensity="9.969812e-03" type="0"/>
    <Peak1D F1="5.280682" intensity="2.023671e-03" type="0"/>
    <Peak1D F1="5.253177" intensity="2.412879e-02" type="0"/>
    <Peak1D F1="5.227310" intensity="1.972872e+00" type="0"/>
    <Peak1D F1="5.130283" intensity="3.775473e-03" type="0"/>
    <Peak1D F1="5.125563" intensity="3.897787e-03" type="0"/>
    <Peak1D F1="5.062600" intensity="4.022630e+00" type="0"/>
    <Peak1D F1="5.003044" intensity="1.586085e-02" type="0"/>
    <Peak1D F1="4.944510" intensity="2.249847e-03" type="0"/>
    <Peak1D F1="4.931039" intensity="2.167265e-03" type="0"/>
    <Peak1D F1="4.924797" intensity="2.151571e-03" type="0"/>
    <Peak1D F1="4.867168" intensity="2.148822e-02" type="0"/>
    <Peak1D F1="4.786390" intensity="4.425532e-03" type="0"/>
    <Peak1D F1="4.712056" intensity="2.064855e-03" type="0"/>
    <Peak1D F1="4.657943" intensity="1.976719e-03" type="0"/>
    <Peak1D F1="4.434431" intensity="1.082863e-02" type="0"/>
    <Peak1D F1="4.336946" intensity="1.977803e-03" type="0"/>
    <Peak1D F1="4.075555" intensity="2.754217e-03" type="0"/>
    <Peak1D F1="4.059693" intensity="6.913231e-03" type="0"/>
    <Peak1D F1="4.041558" intensity="7.320306e-03" type="0"/>
    <Peak1D F1="4.023395" intensity="4.056902e-03" type="0"/>
    <Peak1D F1="4.007740" intensity="7.311960e-02" type="0"/>
    <Peak1D F1="3.974839" intensity="7.440129e-02" type="0"/>
    <Peak1D F1="3.933804" intensity="2.738235e-03" type="0"/>
    <Peak1D F1="3.923578" intensity="4.909713e-03" type="0"/>
    <Peak1D F1="3.904004" intensity="8.161363e-03" type="0"/>
    <Peak1D F1="3.875252" intensity="7.409665e-02" type="0"/>
    <Peak1D F1="3.866819" intensity="7.590983e-02" type="0"/>
    <Peak1D F1="3.829748" intensity="1.500000e+01" type="0"/>
    <Peak1D F1="3.796886" intensity="1.490122e+01" type="0"/>
    <Peak1D F1="3.646990" intensity="7.777049e-02" type="0"/>
    <Peak1D F1="3.614101" intensity="7.673187e-02" type="0"/>
    <Peak1D F1="3.563632" intensity="3.872721e-03" type="0"/>
    <Peak1D F1="3.518638" intensity="4.417436e-03" type="0"/>
    <Peak1D F1="3.484791" intensity="3.609211e-03" type="0"/>
    <Peak1D F1="3.434511" intensity="2.242609e-03" type="0"/>
    <Peak1D F1="3.409086" intensity="2.476887e-03" type="0"/>
    <Peak1D F1="3.374541" intensity="2.201417e-03" type="0"/>
    <Peak1D F1="3.193053" intensity="5.384012e-03" type="0"/>
    <Peak1D F1="3.163232" intensity="1.154202e-02" type="0"/>
    <Peak1D F1="3.158427" intensity="1.047164e-02" type="0"/>
    <Peak1D F1="3.132963" intensity="1.088033e-02" type="0"/>
    <Peak1D F1="3.128562" intensity="1.418071e-02" type="0"/>
    <Peak1D F1="3.110901" intensity="1.640240e-02" type="0"/>
    <Peak1D F1="3.093855" intensity="9.443293e-03" type="0"/>
    <Peak1D F1="3.029178" intensity="7.810359e-01" type="0"/>
    <Peak1D F1="3.023335" intensity="8.274441e-01" type="0"/>
    <Peak1D F1="2.992755" intensity="2.002028e+00" type="0"/>
    <Peak1D F1="2.962041" intensity="1.426939e+00" type="0"/>
    <Peak1D F1="2.956147" intensity="1.236472e+00" type="0"/>
    <Peak1D F1="2.866456" intensity="1.131321e+00" type="0"/>
    <Peak1D F1="2.856618" intensity="1.823374e+00" type="0"/>
    <Peak1D F1="2.848213" intensity="1.278835e+00" type="0"/>
    <Peak1D F1="2.830570" intensity="8.096409e-01" type="0"/>
    <Peak1D F1="2.822160" intensity="1.202437e+00" type="0"/>
    <Peak1D F1="2.812288" intensity="7.645516e-01" type="0"/>
    <Peak1D F1="2.739855" intensity="8.721814e-03" type="0"/>
    <Peak1D F1="2.714368" intensity="7.190836e-03" type="0"/>
    <Peak1D F1="2.683153" intensity="1.402254e-02" type="0"/>
    <Peak1D F1="2.648728" intensity="1.215205e-02" type="0"/>
    <Peak1D F1="2.640569" intensity="1.104562e-02" type="0"/>
    <Peak1D F1="2.611841" intensity="7.358214e-03" type="0"/>
    <Peak1D F1="2.594056" intensity="1.310458e-02" type="0"/>
    <Peak1D F1="2.584471" intensity="7.747740e-03" type="0"/>
    <Peak1D F1="2.574080" intensity="1.279889e-02" type="0"/>
    <Peak1D F1="2.556203" intensity="9.398087e-03" type="0"/>
    <Peak1D F1="2.536984" intensity="5.620049e-03" type="0"/>
    <Peak1D F1="2.519207" intensity="4.928270e-03" type="0"/>
    <Peak1D F1="2.499658" intensity="4.980389e-03" type="0"/>
    <Peak1D F1="2.482934" intensity="4.921851e-03" type="0"/>
    <Peak1D F1="2.462671" intensity="3.648968e-03" type="0"/>
    <Peak1D F1="2.444197" intensity="4.160928e-03" type="0"/>
    <Peak1D F1="2.423907" intensity="2.901873e-03" type="0"/>
    <Peak1D F1="2.389369" intensity="2.198347e-03" type="0"/>
    <Peak1D F1="2.375436" intensity="2.081135e-03" type="0"/>
    <Peak1D F1="2.350744" intensity="2.024961e-03" type="0"/>
    <Peak1D F1="2.315462" intensity="3.013134e-03" type="0"/>
    <Peak1D F1="2.279436" intensity="5.363785e-03" type="0"/>
    <Peak1D F1="2.273752" intensity="5.363806e-03" type="0"/>
    <Peak1D F1="2.239248" intensity="5.337370e-03" type="0"/>
    <Peak1D F1="2.175670" intensity="2.525661e-03" type="0"/>
    <Peak1D F1="2.168721" intensity="2.844952e-03" type="0"/>
    <Peak1D F1="2.135227" intensity="1.537447e-01" type="0"/>
    <Peak1D F1="2.128983" intensity="3.279471e-01" type="0"/>
    <Peak1D F1="2.123995" intensity="4.230419e-01" type="0"/>
    <Peak1D F1="2.118223" intensity="5.773768e-01" type="0"/>
    <Peak1D F1="2.112499" intensity="4.227046e-01" type="0"/>
    <Peak1D F1="2.107347" intensity="3.311704e-01" type="0"/>
    <Peak1D F1="2.100431" intensity="3.498105e-01" type="0"/>
    <Peak1D F1="2.093738" intensity="4.573427e-01" type="0"/>
    <Peak1D F1="2.088817" intensity="5.945497e-01" type="0"/>
    <Peak1D F1="2.082916" intensity="7.675552e-01" type="0"/>
    <Peak1D F1="2.077462" intensity="5.529904e-01" type="0"/>
    <Peak1D F1="2.072092" intensity="4.167041e-01" type="0"/>
    <Peak1D F1="2.066020" intensity="1.996479e-01" type="0"/>
    <Peak1D F1="2.015425" intensity="8.728725e-03" type="0"/>
    <Peak1D F1="1.999607" intensity="1.755125e-02" type="0"/>
    <Peak1D F1="1.973920" intensity="3.406523e-02" type="0"/>
    <Peak1D F1="1.954705" intensity="6.907589e-03" type="0"/>
    <Peak1D F1="1.935513" intensity="1.356813e-02" type="0"/>
    <Peak1D F1="1.912367" intensity="1.878078e-01" type="0"/>
    <Peak1D F1="1.904696" intensity="3.581475e-01" type="0"/>
    <Peak1D F1="1.897041" intensity="2.104307e-01" type="0"/>
    <Peak1D F1="1.881299" intensity="3.847979e-01" type="0"/>
    <Peak1D F1="1.873671" intensity="7.494578e-01" type="0"/>
    <Peak1D F1="1.869352" intensity="4.699477e-01" type="0"/>
    <Peak1D F1="1.866394" intensity="4.449852e-01" type="0"/>
    <Peak1D F1="1.849938" intensity="2.684211e-01" type="0"/>
    <Peak1D F1="1.842538" intensity="4.795426e-01" type="0"/>
    <Peak1D F1="1.838407" intensity="6.093116e-01" type="0"/>
    <Peak1D F1="1.830921" intensity="3.042574e-01" type="0"/>
    <Peak1D F1="1.815094" intensity="1.565043e-01" type="0"/>
    <Peak1D F1="1.807401" intensity="2.509556e-01" type="0"/>
    <Peak1D F1="1.799775" intensity="1.322370e-01" type="0"/>
    <Peak1D F1="1.778148" intensity="1.286459e-02" type="0"/>
    <Peak1D F1="1.757854" intensity="8.649699e-03" type="0"/>
    <Peak1D F1="1.750700" intensity="6.680526e-03" type="0"/>
    <Peak1D F1="1.739048" intensity="6.464455e-03" type="0"/>
    <Peak1D F1="1.707957" intensity="6.195459e-03" type="0"/>
    <Peak1D F1="1.671643" intensity="5.590886e-03" type="0"/>
    <Peak1D F1="1.632030" intensity="3.359682e-03" type="0"/>
    <Peak1D F1="1.615207" intensity="3.314441e-03" type="0"/>
    <Peak1D F1="1.554934" intensity="3.295181e-03" type="0"/>
    <Peak1D F1="1.538608" intensity="3.815587e-03" type="0"/>
    <Peak1D F1="1.488418" intensity="1.297574e+00" type="0"/>
    <Peak1D F1="1.458290" intensity="3.472034e-02" type="0"/>
    <Peak1D F1="1.414250" intensity="4.671045e-03" type="0"/>
    <Peak1D F1="1.389626" intensity="6.094122e-03" type="0"/>
    <Peak1D F1="1.369013" intensity="1.179879e-02" type="0"/>
    <Peak1D F1="1.356160" intensity="1.919504e-02" type="0"/>
    <Peak1D F1="1.319540" intensity="3.352371e-03" type="0"/>
    <Peak1D F1="1.301898" intensity="4.279098e-03" type="0"/>
    <Peak1D F1="1.263134" intensity="1.616881e-02" type="0"/>
    <Peak1D F1="1.214212" intensity="1.956071e-02" type="0"/>
    <Peak1D F1="1.205976" intensity="1.886565e-02" type="0"/>
    <Peak1D F1="1.184810" intensity="9.587878e-02" type="0"/>
    <Peak1D F1="1.170107" intensity="1.980570e-02" type="0"/>
    <Peak1D F1="1.150480" intensity="7.101899e-03" type="0"/>
    <Peak1D F1="1.101361" intensity="3.509141e-03" type="0"/>
    <Peak1D F1="1.097653" intensity="4.157249e-03" type="0"/>
    <Peak1D F1="1.059831" intensity="3.064078e-03" type="0"/>
    <Peak1D F1="1.036137" intensity="2.616884e-03" type="0"/>
    <Peak1D F1="0.999200" intensity="2.786610e-03" type="0"/>
    <Peak1D F1="0.976535" intensity="2.711405e-03" type="0"/>
    <Peak1D F1="0.948487" intensity="2.627934e-03" type="0"/>
    <Peak1D F1="0.939207" intensity="2.406184e-03" type="0"/>
    <Peak1D F1="0.913797" intensity="2.222792e-03" type="0"/>
    <Peak1D F1="0.879668" intensity="3.421465e-03" type="0"/>
    <Peak1D F1="0.845574" intensity="3.257851e-03" type="0"/>
    <Peak1D F1="0.826669" intensity="7.354406e-03" type="0"/>
    <Peak1D F1="0.810411" intensity="1.273351e-02" type="0"/>
    <Peak1D F1="0.792183" intensity="8.816916e-03" type="0"/>
    <Peak1D F1="0.759492" intensity="7.417619e-03" type="0"/>
    <Peak1D F1="0.691218" intensity="2.083088e-03" type="0"/>
    <Peak1D F1="-0.000149" intensity="2.285248e-01" type="0"/>
    <Peak1D F1="-0.693779" intensity="1.900962e-03" type="0"/>
    <Peak1D F1="-3.158590" intensity="2.082348e-03" type="0"/>
    <Peak1D F1="-3.352639" intensity="2.038673e-03" type="0"/>
  </PeakList1D>
</PeakList>
